PAPER_ID,AVG_ATTENDANCE
SEMI0022256,34.9543379
SEMI0022443,55.04261796
SEMI0024747,67.18112633
SEMI0025077,48.22526636
SEMI0025909,59.36073059
SEMI0029061,34.14611872
SEMI0029604,76.13242009
